Component,Issue Type,Description,Priority,Status
AppLayout,Firebase Integration,Firebase SDK integrated and functional,High,✅ RESOLVED
Authentication,Dual Provider,Firebase + Supabase auth working,High,✅ RESOLVED
Real-time Updates,Full Reactivity,onSnapshot and Supabase subscriptions active,Medium,✅ RESOLVED
Mobile Responsiveness,Fully Responsive,All breakpoints tested and working,Medium,✅ RESOLVED
Error Handling,Comprehensive,Error boundaries and toast notifications,Medium,✅ RESOLVED
Testing,Test Suite Complete,Unit + E2E tests implemented,High,✅ RESOLVED
CI/CD,Production Pipeline,Staging + production deployment ready,High,✅ RESOLVED
Android App,Kotlin Implementation,Android app with Firebase integration,Critical,✅ RESOLVED
Offline Support,Not Implemented,Future enhancement for mobile users,Low,BACKLOG
Performance,Optimized,Code splitting and lazy loading active,Medium,✅ RESOLVED
Security,Production Ready,Firestore rules and auth guards in place,High,✅ RESOLVED
